phi,O2_molecules,CPT_frac,N2_frac,O2_frac,C5H8(522),C5H8O(825),CPT(563),O2(6),N2,H2(2),H2O(5),CO(12),CO2(13),CH4(33),CH3CHO(41),C2H4(52),C3H6(131),C3H4O(165),C4H6(227),C4H8(253),C5H6(478),C6H6(970),HO2(8),OH(4)
3.0,0.12233,0.005,0.9825,0.0125,467.84652905276187,27.87189162220587,2147.2904600729466,8119.047029927234,978203.5137058661,776.8651776010526,3685.2843975933065,2572.2888514869965,243.10149612018134,274.99808916534573,42.397274791495484,1579.9112942439554,123.85202235162826,347.4266631681876,23.50290241330641,40.30372829093198,66.07380594649064,2.660131065852513,2.2143346170386153,0.0011474980777852572
0.2,1.83417,0.005,0.8075,0.1875,670.0504458280332,62.03093035454078,1137.1628805172877,179467.93004972738,804784.1508791223,152.01365179645686,7121.866501350972,2291.356646837873,443.7651251573948,48.619258214594346,8.04825751329768,428.390948759026,13.04867712081956,73.54687837759705,14.899065910875834,1.729783948577477,101.39129157465405,0.38401424854897215,6.98336660284746,0.0031723041960299903
