phi,O2_molecules,CPT_frac,N2_frac,O2_frac,C5H8(522),C5H8O(825),CPT(563),O2(6),N2,H2(2),H2O(5),CO(12),CO2(13),CH4(33),CH3CHO(41),C2H4(52),C3H6(131),C3H4O(165),C4H6(227),C4H8(253),C5H6(478),C6H6(970),HO2(8),OH(4)
3.0,0.12233,0.005,0.9825,0.0125,411.8301717942074,11.712214738558211,3703.467254802942,11323.87922429003,980943.1229971354,352.33102401668145,1119.4910959589565,540.6712594474451,15.210925874857429,93.98655788714298,6.210488095167239,694.7142435276543,107.51123955203062,219.63185946596627,5.379728516838465,18.74253590459995,105.83484975160442,0.7294563406508524,0.9301205870303588,0.0002617516669575749
0.2,1.83417,0.005,0.8075,0.1875,789.9098351259838,62.31585460409808,1441.2156189748669,179903.0309623101,804016.517635497,218.79985018351002,6401.474046264491,2868.864884940931,555.1027856794634,224.3382158615534,11.081779568413737,655.436190538606,48.13474014343392,129.98522168942276,30.904678339033193,6.40181147082603,384.97979477920774,2.8635037042890805,6.425646565881746,0.002228822410635246
