phi,O2_molecules,CPT_frac,N2_frac,O2_frac,H2(2),OH(4),H2O(5),O2(6),N2,HO2(8),CO(12),CO2(13),CH4(33),CH3CHO(41),C2H4(52),C3H6(131),C3H4O(165),C4H6(227),C4H8(253),C5H6(478),C5H8(522),CPT(563),C5H8O(825)rs,C6H6(970)
3.0,0.12233,0.005,0.9825,0.0125,739.9449793537374,0.000969935531390952,3278.5466710519377,8587.496312896808,978551.7976352031,1.9645462557637288,2254.010668881277,234.45088725473943,261.52942007103115,39.03061821624802,1491.6840045602848,120.03724709784149,343.50762489580086,21.846610881477027,40.625871571249206,81.03488386958324,481.25389173140167,2336.7519055748676,27.749002490976665,2.9725344867791836
0.35,1.0482,0.005,0.887857143,0.107142857,300.81759759934056,0.0032163067817758038,7422.795492915306,98382.69353528724,883898.727909935,6.828450136845588,3289.2840417766874,803.7783998987535,107.74544596987471,15.402595328483649,804.2629772257326,23.41624410648852,108.54574468036883,17.47445794796279,3.969165089877926,101.00813472603338,621.208135679051,1123.0345400962578,56.82779450687879,0.8709925893333641
