{"reactions":{"reactants":[["C5H9(536)"]],"products":[["C5H9(553)"]],"formula":[{"H":9,"O":null,"C":5}],"orig_reactants":[["C5H9(553)"]],"orig_products":[["C5H9(536)"]],"reversible":[true],"rate":[{"order":1,"efficiencies":{"M":null,"C2H6(60)":null,"CH4(33)":null,"HE":null,"H2O(5)":null,"CO2(13)":null,"AR":null,"CO(12)":null,"H2(2)":null,"O2(6)":null,"H2O2(10)":null,"C2H4(52)":null,"C2H2(40)":null,"C2H6O(69)":null,"N2":null},"A_high":null,"b_high":null,"E_high":null,"A_low":null,"b_low":null,"E_low":null,"function":null,"activated":null,"type":"plog","A":null,"b":null,"E":null,"As":[3.262e42,5.809e28,3.275e17,2.119e19,3.799e43],"bs":[-10.214,-5.834,-2.316,-2.965,-9.541],"Es":[28193.0,23792.0,19772.0,19861.0,41153.0],"Ps":[0.1,1.0,10.0,100.0,100.0]}],"amchi":["AMChI=1/C5H9/c1-2-4-5-3-1/h3H,1-2,4-5H2/k2-1/r0"],"canon":[true],"pes":[1],"subpes":[1],"channel":[1]},"species":{"name":["C5H9(553)","C5H9(536)"],"smiles":["[CH]1CCCC1","C=CCC[CH2]"],"amchi":["AMChI=1/C5H9/c1-2-4-5-3-1/h1H,2-5H2","AMChI=1/C5H9/c1-3-5-4-2/h3H,1-2,4-5H2"],"spin":[1,1],"charge":[0,0],"formula":[{"H":9,"O":null,"N":null,"He":null,"Ar":null,"C":5,"Ne":null},{"H":9,"O":null,"N":null,"He":null,"Ar":null,"C":5,"Ne":null}],"canon":[true,true],"orig_name":["C5H9(553)","C5H9(536)"],"orig_smiles":["C1CC[CH]C1","[CH2]CCC=C"],"orig_amchi":["AMChI=1/C5H9/c1-2-4-5-3-1/h1H,2-5H2","AMChI=1/C5H9/c1-3-5-4-2/h3H,1-2,4-5H2"],"therm":[{"T_min":200.0,"T_max":3000.0,"formula":{"N":null,"Ne":null,"H":9,"O":null,"He":null,"Ar":null,"C":5},"charge":0,"T_mid":1000.0,"coeffs_low":[4.03675712,-0.00316820042,0.000129785509,-1.70944807e-7,6.8707462e-11,9967.04635,9.5304807],"coeffs_high":[2.87756557,0.0418756973,-0.0000209123428,5.05596481e-9,-4.80164748e-13,8674.23855,6.472903],"type":"nasa7"},{"T_min":200.0,"T_max":3000.0,"formula":{"N":null,"Ne":null,"H":9,"O":null,"He":null,"Ar":null,"C":5},"charge":0,"T_mid":1000.0,"coeffs_low":[7.73773506,-0.00169877054,0.0000946789127,-1.2096916e-7,4.76749771e-11,18486.0845,-2.80059241],"coeffs_high":[4.85000682,0.0363248992,-0.0000174613976,4.08822611e-9,-3.78040608e-13,18088.3382,5.52107194],"type":"nasa7"}]}}