{"reactions":{"reactants":[],"products":[],"formula":[],"reversible":[],"rate":[],"pes":[],"subpes":[],"channel":[]},"species":{"name":["S(1210)r0","S(1209)r0"],"smiles":["OO[C@H]1[CH]C=CC1","OO[C@H]1C=CC[CH]1"],"amchi":["AMChI=1/C5H7O2/c6-7-5-3-1-2-4-5/h1-3,5-6H,4H2/t5-/m0/s1","AMChI=1/C5H7O2/c6-7-5-2-1-4-3-5/h1-3,5-6H,4H2/t5-/m0/s1"],"spin":[1,1],"charge":[0,0],"formula":[{"H":7,"O":2,"N":null,"He":null,"Ar":null,"C":5,"Ne":null},{"H":7,"O":2,"N":null,"He":null,"Ar":null,"C":5,"Ne":null}],"canon":[true,true],"orig_name":["S(1210)","S(1209)"],"orig_smiles":["OOC1CC=C[CH]1","OOC1[CH]CC=C1"],"orig_amchi":["AMChI=1/C5H7O2/c6-7-5-3-1-2-4-5/h1-3,5-6H,4H2","AMChI=1/C5H7O2/c6-7-5-2-1-4-3-5/h1-3,5-6H,4H2"],"therm":[{"T_min":100.0,"T_max":5000.0,"formula":{"N":null,"Ne":null,"H":7,"O":2,"He":null,"Ar":null,"C":5},"charge":0,"T_mid":987.62,"coeffs_low":[1.27507333,0.0423508289,0.0000243577886,-6.38142949e-8,2.74227065e-11,4677.89983,20.0727905],"coeffs_high":[16.8342083,0.0216254757,-8.39649275e-6,1.65359591e-9,-1.24767614e-13,-457.942914,-65.2391746],"type":"nasa7"},{"T_min":100.0,"T_max":5000.0,"formula":{"N":null,"Ne":null,"H":7,"O":2,"He":null,"Ar":null,"C":5},"charge":0,"T_mid":994.91,"coeffs_low":[1.55858337,0.0373125303,0.0000282152687,-6.30268924e-8,2.61744285e-11,14668.6326,25.0703069],"coeffs_high":[15.0829182,0.022438098,-8.9117941e-6,1.75628729e-9,-1.31596285e-13,10022.6115,-49.9324118],"type":"nasa7"}]}}