{"reactions":{"reactants":[["CPT(563)","OH(4)"]],"products":[["C5H9(553)","H2O(5)"]],"formula":[{"H":11,"He":null,"Li":null,"Be":null,"B":null,"C":5,"N":null,"O":1,"F":null,"Ne":null,"Na":null,"Mg":null,"Al":null,"Si":null,"P":null,"S":null,"Cl":null,"Ar":null}],"orig_reactants":[["CPT(563)","OH(4)"]],"orig_products":[["C5H9(553)","H2O(5)"]],"reversible":[true],"rate":[{"order":2,"efficiencies":{},"A":4756.812262345174,"b":2.4493399795306714,"E":-2880.85447843909,"type":"arrhenius"}],"amchi":["AMChI=1/C5H11O/c6-7-1-2-4-5-3-1/h1,6H,2-5H2/k7-6/f7-1/r1"],"canon":[true],"pes":[7],"subpes":[1],"channel":[1],"replacements":[{"S(2258)e":[],"S(2258)z":[],"C5O2jrscln":[],"C5O2nexammzze":[],"C5O2nexammeee":[],"C5O2nexammeez":[],"C5O2nexammeze":[],"C5O2nexammezz":[],"C5O2nexammzee":[],"C5O2nexammzez":[],"C5O2nexammzzz":[]}],"rate_data":[{"order":2,"T":[300.0,400.0,500.0,600.0,700.0,725.0,750.0,775.0,800.0,825.0,850.0,875.0,900.0,1000.0,1100.0,1200.0],"P":[0.1,0.32,1.0,3.2,10.0,32.0,100.0],"k_data":[[593180864860.0,601611861924.0,614258357520.0,632324779800.0,638346920560.0,644369061320.0,650391202080.0],[408903357604.0,409505571680.0,410709999832.0,412516642060.0,413721070212.0,414323284288.0,414925498364.0],[351090806308.0,351693020384.0,351693020384.0,351693020384.0,351693020384.0,351693020384.0,352295234460.0],[340250952940.0,340250952940.0,340250952940.0,340250952940.0,340250952940.0,340250952940.0,340250952940.0],[351090806308.0,351090806308.0,351090806308.0,351090806308.0,351090806308.0,351090806308.0,351090806308.0],[356510732992.0,356510732992.0,356510732992.0,356510732992.0,356510732992.0,356510732992.0,356510732992.0],[361930659676.0,361930659676.0,361930659676.0,361930659676.0,361930659676.0,361930659676.0,361930659676.0],[368555014512.0,368555014512.0,368555014512.0,368555014512.0,368555014512.0,368555014512.0,368555014512.0],[375781583424.0,375781583424.0,375781583424.0,375781583424.0,375781583424.0,375781583424.0,375781583424.0],[383610366412.0,383610366412.0,383610366412.0,383610366412.0,383610366412.0,383610366412.0,383610366412.0],[391439149399.99994,391439149399.99994,391439149399.99994,391439149399.99994,391439149399.99994,391439149399.99994,391439149399.99994],[400472360540.0,400472360540.0,400472360540.0,400472360540.0,400472360540.0,400472360540.0,400472360540.0],[410107785756.0,410107785756.0,410107785756.0,410107785756.0,410107785756.0,410107785756.0,410107785756.0],[451660557000.0,451660557000.0,451660557000.0,451660557000.0,451660557000.0,451660557000.0,451660557000.0],[500439897156.0,500439897156.0,500439897156.0,500439897156.0,500439897156.0,500439897156.0,500439897156.0],[554639163996.0,554639163996.0,554639163996.0,554639163996.0,554639163996.0,554639163996.0,554639163996.0]],"k_high":null,"type":"data"}],"branch_frac":[{"order":2,"T":[300.0,400.0,500.0,600.0,700.0,725.0,750.0,775.0,800.0,825.0,850.0,875.0,900.0,1000.0,1100.0,1200.0],"P":[0.1,0.32,1.0,3.2,10.0,32.0,100.0],"k_data":[[1.0,1.0,1.0,1.0,1.0,1.0,1.0],[1.0,1.0,1.0,1.0,1.0,1.0,1.0],[1.0,1.0,1.0,1.0,1.0,1.0,1.0],[1.0,1.0,1.0,1.0,1.0,1.0,1.0],[1.0,1.0,1.0,1.0,1.0,1.0,1.0],[1.0,1.0,1.0,1.0,1.0,1.0,1.0],[1.0,1.0,1.0,1.0,1.0,1.0,1.0],[1.0,1.0,1.0,1.0,1.0,1.0,1.0],[1.0,1.0,1.0,1.0,1.0,1.0,1.0],[1.0,1.0,1.0,1.0,1.0,1.0,1.0],[1.0,1.0,1.0,1.0,1.0,1.0,1.0],[1.0,1.0,1.0,1.0,1.0,1.0,1.0],[1.0,1.0,1.0,1.0,1.0,1.0,1.0],[1.0,1.0,1.0,1.0,1.0,1.0,1.0],[1.0,1.0,1.0,1.0,1.0,1.0,1.0],[1.0,1.0,1.0,1.0,1.0,1.0,1.0]],"k_high":null,"type":"data"}],"rev_rate":[{"order":2,"efficiencies":{},"A":14988.627889473195,"b":2.5343317575169753,"E":19551.468106816363,"type":"arrhenius"}],"rev_rate_data":[{"order":2,"T":[300.0,400.0,500.0,600.0,700.0,725.0,750.0,775.0,800.0,825.0,850.0,875.0,900.0,1000.0,1100.0,1200.0],"P":[0.1,0.32,1.0,3.2,10.0,32.0,100.0],"k_data":[[0.00011743174482,0.000119238387048,0.000122249457428,0.000124658313732,0.00012706717003599998,0.000128271598188,0.00012887381226399998],[1.13818460364,1.1442067444000001,1.1442067444000001,1.15022888516,1.15625102592,1.15625102592,1.15625102592],[293.278255012,293.278255012,293.278255012,293.278255012,293.278255012,293.278255012,293.88046908800004],[12526.0527808,12526.0527808,12526.0527808,12526.0527808,12526.0527808,12526.0527808,12526.0527808],[192106.290244,192106.290244,192106.290244,192106.290244,192106.290244,192106.290244,192106.290244],[340853.167016,340853.167016,340853.167016,340853.167016,340853.167016,340853.167016,340853.167016],[582943.225568,582943.225568,582943.225568,582943.225568,582943.225568,582943.225568,582943.225568],[963542.5216,963542.5216,963542.5216,963542.5216,963542.5216,963542.5216,963542.5216],[1553712.31608,1553712.31608,1553712.31608,1553712.31608,1553712.31608,1553712.31608,1553712.31608],[2438967.0078,2438967.0078,2438967.0078,2438967.0078,2438967.0078,2438967.0078,2438967.0078],[3733727.2712,3733727.2712,3733727.2712,3733727.2712,3733727.2712,3733727.2712,3733727.2712],[5594568.76604,5594568.76604,5594568.76604,5594568.76604,5594568.76604,5594568.76604,5594568.76604],[8190111.4336,8190111.4336,8190111.4336,8190111.4336,8190111.4336,8190111.4336,8190111.4336],[31977567.4356,31977567.4356,31977567.4356,31977567.4356,31977567.4356,31977567.4356,31977567.4356],[99967536.616,99967536.616,99967536.616,99967536.616,99967536.616,99967536.616,99967536.616],[263167551.21199998,263167551.21199998,263167551.21199998,263167551.21199998,263167551.21199998,263167551.21199998,263167551.21199998]],"k_high":null,"type":"data"}],"rev_branch_frac":[{"order":2,"T":[300.0,400.0,500.0,600.0,700.0,725.0,750.0,775.0,800.0,825.0,850.0,875.0,900.0,1000.0,1100.0,1200.0],"P":[0.1,0.32,1.0,3.2,10.0,32.0,100.0],"k_data":[[0.0010714285714285715,null,0.0013355263157894736,null,0.0011593406593406591,0.0017459016393442627,0.0035197368421052626],[0.9792746113989639,null,0.969387755102041,null,0.9552238805970151,0.979591836734694,null],[1.0,null,null,1.0,1.0,1.0,null],[1.0,1.0,1.0,1.0,1.0,1.0,1.0],[1.0,1.0,1.0,1.0,1.0,1.0,1.0],[1.0,1.0,1.0,1.0,1.0,1.0,1.0],[1.0,1.0,1.0,1.0,1.0,1.0,1.0],[1.0,1.0,1.0,1.0,1.0,1.0,1.0],[1.0,1.0,1.0,1.0,1.0,1.0,1.0],[1.0,1.0,1.0,1.0,1.0,1.0,1.0],[1.0,1.0,1.0,1.0,1.0,1.0,1.0],[1.0,1.0,1.0,1.0,1.0,1.0,1.0],[1.0,1.0,1.0,1.0,1.0,1.0,1.0],[1.0,1.0,1.0,1.0,1.0,1.0,1.0],[1.0,1.0,1.0,1.0,1.0,1.0,1.0],[1.0,1.0,1.0,1.0,1.0,1.0,1.0]],"k_high":null,"type":"data"}],"well_skipping":[false],"cleared":[false],"partially_cleared":[false]},"species":{"name":["OH(4)","H2O(5)","C5H9(553)","CPT(563)"],"smiles":["[OH]","O","[CH]1CCCC1","C1CCCC1"],"amchi":["AMChI=1/HO/h1H","AMChI=1/H2O/h1H2","AMChI=1/C5H9/c1-2-4-5-3-1/h1H,2-5H2","AMChI=1/C5H10/c1-2-4-5-3-1/h1-5H2"],"spin":[1,0,1,0],"charge":[0,0,0,0],"formula":[{"H":1,"He":null,"Li":null,"Be":null,"B":null,"C":null,"N":null,"O":1,"F":null,"Ne":null,"Na":null,"Mg":null,"Al":null,"Si":null,"P":null,"S":null,"Cl":null,"Ar":null},{"H":2,"He":null,"Li":null,"Be":null,"B":null,"C":null,"N":null,"O":1,"F":null,"Ne":null,"Na":null,"Mg":null,"Al":null,"Si":null,"P":null,"S":null,"Cl":null,"Ar":null},{"H":9,"He":null,"Li":null,"Be":null,"B":null,"C":5,"N":null,"O":null,"F":null,"Ne":null,"Na":null,"Mg":null,"Al":null,"Si":null,"P":null,"S":null,"Cl":null,"Ar":null},{"H":10,"He":null,"Li":null,"Be":null,"B":null,"C":5,"N":null,"O":null,"F":null,"Ne":null,"Na":null,"Mg":null,"Al":null,"Si":null,"P":null,"S":null,"Cl":null,"Ar":null}],"canon":[true,true,true,true],"orig_name":["OH(4)","H2O(5)","C5H9(553)","CPT(563)"],"orig_smiles":["[OH]","O","C1CC[CH]C1","C1CCCC1"],"orig_amchi":["AMChI=1/HO/h1H","AMChI=1/H2O/h1H2","AMChI=1/C5H9/c1-2-4-5-3-1/h1H,2-5H2","AMChI=1/C5H10/c1-2-4-5-3-1/h1-5H2"],"therm":[{"T_min":200.0,"T_max":3000.0,"formula":{"N":null,"Ne":null,"H":1,"O":1,"He":null,"Ar":null,"C":null},"charge":0,"T_mid":1000.0,"coeffs_low":[4.12419251,-0.00328239789,6.76934683e-6,-6.22141761e-9,2.25333935e-12,2802.25594,-0.701173783],"coeffs_high":[3.3665278,-0.000101352415,5.9259487e-7,-2.45655811e-10,3.09487445e-14,2978.8529,3.00359616],"type":"nasa7"},{"T_min":200.0,"T_max":3000.0,"formula":{"N":null,