{"reactions":{"reactants":[["CPT(563)","OH(4)"]],"products":[["C5H9(553)","H2O(5)"]],"formula":[{"H":11,"He":null,"Li":null,"Be":null,"B":null,"C":5,"N":null,"O":1,"F":null,"Ne":null,"Na":null,"Mg":null,"Al":null,"Si":null,"P":null,"S":null,"Cl":null,"Ar":null}],"orig_reactants":[["CPT(563)","OH(4)"]],"orig_products":[["C5H9(553)","H2O(5)"]],"reversible":[true],"rate":[{"order":2,"efficiencies":{},"A":4900.860860393571,"b":2.44550500836263,"E":-2874.6883804289914,"type":"arrhenius"}],"amchi":["AMChI=1/C5H11O/c6-7-1-2-4-5-3-1/h1,6H,2-5H2/k7-6/f7-1/r1"],"canon":[true],"pes":[7],"subpes":[1],"channel":[1],"replacements":[{"S(2258)e":[],"S(2258)z":[],"C5O2jrscln":[],"C5O2nexammzze":[],"C5O2nexammeee":[],"C5O2nexammeez":[],"C5O2nexammeze":[],"C5O2nexammezz":[],"C5O2nexammzee":[],"C5O2nexammzez":[],"C5O2nexammzzz":[]}],"rate_data":[{"order":2,"T":[300.0,400.0,500.0,600.0,700.0,800.0,900.0,1000.0,1100.0,1200.0],"P":[0.1,1.0,10.0,100.0],"k_data":[[592578650784.0,614258357520.0,638346920560.0,650391202080.0],[408903357604.0,410709999832.0,413721070212.0,414925498364.0],[351090806308.0,351693020384.0,351693020384.0,352295234460.0],[340250952940.0,340250952940.0,340250952940.0,340250952940.0],[351090806308.0,351090806308.0,351090806308.0,351090806308.0],[375781583424.0,375781583424.0,375781583424.0,375781583424.0],[410107785756.0,410107785756.0,410107785756.0,410107785756.0],[451660557000.0,451660557000.0,451660557000.0,451660557000.0],[500439897156.0,500439897156.0,500439897156.0,500439897156.0],[554639163996.0,554639163996.0,554639163996.0,554639163996.0]],"k_high":null,"type":"data"}],"branch_frac":[{"order":2,"T":[300.0,400.0,500.0,600.0,700.0,800.0,900.0,1000.0,1100.0,1200.0],"P":[0.1,1.0,10.0,100.0],"k_data":[[1.0,1.0,1.0,1.0],[1.0,1.0,1.0,1.0],[1.0,1.0,1.0,1.0],[1.0,1.0,1.0,1.0],[1.0,1.0,1.0,1.0],[1.0,1.0,1.0,1.0],[1.0,1.0,1.0,1.0],[1.0,1.0,1.0,1.0],[1.0,1.0,1.0,1.0],[1.0,1.0,1.0,1.0]],"k_high":null,"type":"data"}],"rev_rate":[{"order":2,"efficiencies":{},"A":15646.380057028231,"b":2.528891327880935,"E":19561.10962122865,"type":"arrhenius"}],"rev_rate_data":[{"order":2,"T":[300.0,400.0,500.0,600.0,700.0,800.0,900.0,1000.0,1100.0,1200.0],"P":[0.1,1.0,10.0,100.0],"k_data":[[0.00011743174482,0.000121647243352,0.00012646495596,0.00012887381226399998],[1.13818460364,1.1442067444000001,1.15625102592,1.15625102592],[293.278255012,293.278255012,293.278255012,293.88046908800004],[12526.0527808,12526.0527808,12526.0527808,12526.0527808],[192106.290244,192106.290244,192106.290244,192106.290244],[1553712.31608,1553712.31608,1553712.31608,1553712.31608],[8190111.4336,8190111.4336,8190111.4336,8190111.4336],[31977567.4356,31977567.4356,31977567.4356,31977567.4356],[99967536.616,99967536.616,99967536.616,99967536.616],[263167551.21199998,263167551.21199998,263167551.21199998,263167551.21199998]],"k_high":null,"type":"data"}],"rev_branch_frac":[{"order":2,"T":[300.0,400.0,500.0,600.0,700.0,800.0,900.0,1000.0,1100.0,1200.0],"P":[0.1,1.0,10.0,100.0],"k_data":[[0.001598360655737705,null,null,null],[null,null,null,null],[1.0,1.0,1.0,1.0],[1.0,1.0,1.0,1.0],[1.0,1.0,1.0,1.0],[1.0,1.0,1.0,1.0],[1.0,1.0,1.0,1.0],[1.0,1.0,1.0,1.0],[1.0,1.0,1.0,1.0],[1.0,1.0,1.0,1.0]],"k_high":null,"type":"data"}],"well_skipping":[false],"cleared":[false],"partially_cleared":[false]},"species":{"name":["OH(4)","H2O(5)","C5H9(553)","CPT(563)"],"smiles":["[OH]","O","[CH]1CCCC1","C1CCCC1"],"amchi":["AMChI=1/HO/h1H","AMChI=1/H2O/h1H2","AMChI=1/C5H9/c1-2-4-5-3-1/h1H,2-5H2","AMChI=1/C5H10/c1-2-4-5-3-1/h1-5H2"],"spin":[1,0,1,0],"charge":[0,0,0,0],"formula":[{"H":1,"He":null,"Li":null,"Be":null,"B":null,"C":null,"N":null,"O":1,"F":null,"Ne":null,"Na":null,"Mg":null,"Al":null,"Si":null,"P":null,"S":null,"Cl":null,"Ar":null},{"H":2,"He":null,"Li":null,"Be":null,"B":null,"C":null,"N":null,"O":1,"F":null,"Ne":null,"Na":null,"Mg":null,"Al":null,"Si":null,"P":null,"S":null,"Cl":null,"Ar":null},{"H":9,"He":null,"Li":null,"Be":null,"B":null,"C":5,"N":null,"O":null,"F":null,"Ne":null,"Na":null,"Mg":null,"Al":null,"Si":null,"P":null,"S":null,"Cl":null,"Ar":null},{"H":10,"He":null,"Li":null,"Be":null,"B":null,"C":5,"N":null,"O":null,"F":null,"Ne":null,"Na":null,"Mg":null,"Al":null,"Si":null,"P":null,"S":null,"Cl":null,"Ar":null}],"canon":[true,true,true,true],"orig_name":["OH(4)","H2O(5)","C5H9(553)","CPT(563)"],"orig_smiles":["[OH]","O","C1CC[CH]C1","C1CCCC1"],"orig_amchi":["AMChI=1/HO/h1H","AMChI=1/H2O/h1H2","AMChI=1/C5H9/c1-2-4-5-3-1/h1H,2-5H2","AMChI=1/C5H10/c1-2-4-5-3-1/h1-5H2"],"therm":[{"T_min":200.0,"T_max":3000.0,"formula":{"N":null,"Ne":null,"H":1,"O":1,"He":null,"Ar":null,"C":null},"charge":0,"T_mid":1000.0,"coeffs_low":[4.12419251,-0.00328239789,6.76934683e-6,-6.22141761e-9,2.25333935e-12,2802.25594,-0.701173783],"coeffs_high":[3.3665278,-0.000101352415,5.9259487e-7,-2.45655811e-10,3.09487445e-14,2978.8529,3.00359616],"type":"nasa7"},{"T_min":200.0,"T_max":3000.0,"formula":{"N":null,"Ne":null,"H":2,"O":1,"He":null,"Ar":null,"C":null},"charge":0,"T_mid":1000.0,"coeffs_low":[4.20496147,-0.00211828733,6.51775096e-6,-5.46975235e-9,1.73531263e-12,-30290.8861,-0.8778251],"coeffs_high":[3.21360329,0.0017267114,9.65794987e-8,-1.98423327e-10,3.15145199e-14,-30058.7094,4.00466148],"type":"nasa7"},{"T_min":200.0,"T_max":3000.0,"formula":{"N":null,"Ne":null,"H":9,"O":null,"He":null,"Ar":null,"C":5},"charge":0,"T_mid":1000.0,"coeffs_low":[4.04715257,-0.00327578676,0.000130015957,-1.71174266e-7,6.87913215e-11,9926.09405,9.48941484],"coeffs_high":[2.87997485,0.0418376022,-0.0000208798084,5.04561111e-9,-4.79001562e-13,8634.26104,6.46410827],"type":"nasa7"},{"T_min":200.0,"T_max":3000.0,"formula":{"N":null,"Ne":null,"H":10,"O":null,"He":null,"Ar":null,"C":5},"charge":0,"T_mid":1000.0,"coeffs_low":[4.58185349,-0.0137452298,0.000164949849,-2.08075327e-7,8.22235969e-11,-11535.1909,11.0991578],"coeffs_high":[1.21044685,0.047061668,-0.0000234649234,5.66483038e-9,-5.3727946e-13,-12645.1731,17.2319981],"type":"nasa7"}]}}