{"reactions":{"reactants":[["CPT(563)","HO2(8)"]],"products":[["C5H9(553)","H2O2(10)"]],"formula":[{"H":11,"He":null,"Li":null,"Be":null,"B":null,"C":5,"N":null,"O":2,"F":null,"Ne":null,"Na":null,"Mg":null,"Al":null,"Si":null,"P":null,"S":null,"Cl":null,"Ar":null}],"orig_reactants":[["CPT(563)","HO2(8)"]],"orig_products":[["C5H9(553)","H2O2(10)"]],"reversible":[true],"rate":[{"order":2,"efficiencies":{},"A":0.00002407100516970178,"b":4.762272672213744,"E":9936.98039288442,"type":"arrhenius"}],"amchi":["AMChI=1/C5H11O2/c7-6-8-1-2-4-5-3-1/h1,7H,2-5H2/k8-6/f8-1/r1"],"canon":[true],"pes":[8],"subpes":[1],"channel":[1],"replacements":[{"S(2258)e":[],"S(2258)z":[],"C5O2jrscln":[],"C5O2nexammzze":[],"C5O2nexammeee":[],"C5O2nexammeez":[],"C5O2nexammeze":[],"C5O2nexammezz":[],"C5O2nexammzee":[],"C5O2nexammzez":[],"C5O2nexammzzz":[]}],"rate_data":[{"order":2,"T":[300.0,400.0,500.0,600.0,700.0,725.0,750.0,775.0,800.0,825.0,850.0,875.0,900.0,1000.0,1100.0,1200.0],"P":[0.1,0.32,1.0,3.2,10.0,32.0,100.0],"k_data":[[2.3305684741199997,2.3305684741199997,2.3305684741199997,2.3305684741199997,2.3305684741199997,2.33659061488,2.33659061488],[269.791906048,269.791906048,269.791906048,269.791906048,269.791906048,269.791906048,269.791906048],[7889.0043956,7889.0043956,7889.0043956,7889.0043956,7889.0043956,7889.0043956,7889.0043956],[96354.25215999999,96354.25215999999,96354.25215999999,96354.25215999999,96354.25215999999,96354.25215999999,96354.25215999999],[668457.62436,668457.62436,668457.62436,668457.62436,668457.62436,668457.62436,668457.62436],[1011719.6476799999,1011719.6476799999,1011719.6476799999,1011719.6476799999,1011719.6476799999,1011719.6476799999,1011719.6476799999],[1499513.0492399998,1499513.0492399998,1499513.0492399998,1499513.0492399998,1499513.0492399998,1499513.0492399998,1499513.0492399998],[2180014.95512,2180014.95512,2180014.95512,2180014.95512,2180014.95512,2180014.95512,2180014.95512],[3113446.77292,3113446.77292,3113446.77292,3113446.77292,3113446.77292,3113446.77292,3113446.77292],[4366052.051,4366052.051,4366052.051,4366052.051,4366052.051,4366052.051,4366052.051],[6022140.760000001,6022140.760000001,6022140.760000001,6022140.760000001,6022140.760000001,6022140.760000001,6022140.760000001],[8190111.4336,8190111.4336,8190111.4336,8190111.4336,8190111.4336,8190111.4336,8190111.4336],[11020517.5908,11020517.5908,11020517.5908,11020517.5908,11020517.5908,11020517.5908,11020517.5908],[31676460.3976,31676460.3976,31676460.3976,31676460.3976,31676460.3976,31676460.3976,31676460.3976],[77685615.804,77685615.804,77685615.804,77685615.804,77685615.804,77685615.804,77685615.804],[169824369.43199998,169824369.43199998,169824369.43199998,169824369.43199998,169824369.43199998,169824369.43199998,169824369.43199998]],"k_high":null,"type":"data"}],"branch_frac":[{"order":2,"T":[300.0,400.0,500.0,600.0,700.0,725.0,750.0,775.0,800.0,825.0,850.0,875.0,900.0,1000.0,1100.0,1200.0],"P":[0.1,0.32,1.0,3.2,10.0,32.0,100.0],"k_data":[[0.9674999999999999,null,0.9674999999999999,null,0.9847328244274808,0.97,0.9023255813953487],[1.0,1.0,1.0,1.0,1.0,1.0,1.0],[1.0,1.0,1.0,1.0,1.0,1.0,1.0],[1.0,1.0,1.0,1.0,1.0,1.0,1.0],[1.0,1.0,1.0,1.0,1.0,1.0,1.0],[1.0,1.0,1.0,1.0,1.0,1.0,1.0],[1.0,1.0,1.0,1.0,1.0,1.0,1.0],[1.0,1.0,1.0,1.0,1.0,1.0,1.0],[1.0,1.0,1.0,1.0,1.0,1.0,1.0],[1.0,1.0,1.0,1.0,1.0,1.0,1.0],[1.0,1.0,1.0,1.0,1.0,1.0,1.0],[1.0,1.0,1.0,1.0,1.0,1.0,1.0],[1.0,1.0,1.0,1.0,1.0,1.0,1.0],[1.0,1.0,1.0,1.0,1.0,1.0,1.0],[1.0,1.0,1.0,1.0,1.0,1.0,1.0],[1.0,1.0,1.0,1.0,1.0,1.0,1.0]],"k_high":null,"type":"data"}],"rev_rate":[{"order":2,"efficiencies":{},"A":0.002989393175920244,"b":4.284403115474147,"E":841.387345189327,"type":"arrhenius"}],"rev_rate_data":[{"order":2,"T":[300.0,400.0,500.0,600.0,700.0,725.0,750.0,775.0,800.0,825.0,850.0,875.0,900.0,1000.0,1100.0,1200.0],"P":[0.1,0.32,1.0,3.2,10.0,32.0,100.0],"k_data":[[67447976.512,67447976.512,67447976.512,67447976.512,67447976.512,67447976.512,67447976.512],[170426583.50800002,171028797.584,171028797.584,171028797.584,171028797.584,171028797.584,171028797.584],[473942477.812,473942477.812,473942477.812,473942477.812,473942477.812,473942477.812,473942477.812],[1162273166.6799998,1162273166.6799998,1162273166.6799998,1162273166.6799998,1162273166.6799998,1162273166.6799998,1162273166.6799998],[2511232696.92,2511232696.92,2511232696.92,2511232696.92,2511232696.92,2511232696.92,2511232696.92],[2980959676.2000003,2980959676.2000003,2980959676.2000003,2980959676.2000003,2980959676.2000003,2980959676.2000003,2980959676.2000003],[3522952344.6,3522952344.6,3522952344.6,3522952344.6,3522952344.6,3522952344.6,3522952344.6],[4137210702.12,4137210702.12,4137210702.12,4137210702.12,4137210702.12,4137210702.12,4137210702.12],[4835779030.28,4835779030.28,4835779030.28,4835779030.28,4835779030.28,4835779030.28,4835779030.28],[5612635188.32,5612635188.32,5612635188.32,5612635188.32,5612635188.32,5612635188.32,5612635188.32],[6503912020.8,6503912020.8,6503912020.8,6503912020.8,6503912020.8,6503912020.8,6503912020.8],[7467454542.4,7467454542.4,7467454542.4,7467454542.4,7467454542.4,7467454542.4,7467454542.4],[8551439879.2,8551439879.2,8551439879.2,8551439879.2,8551439879.2,8551439879.2,8551439879.2],[14031587970.8,14031587970.8,14031587970.8,14031587970.8,14031587970.8,14031587970.8,14031587970.8],[21800149551.2,21800149551.2,21800149551.2,21800149551.2,21800149551.2,21800149551.2,21800149551.2],[32399117288.8,32399117288.8,32399117288.8,32399117288.8,32399117288.8,32399117288.8,32399117288.8]],"k_high":null,"type":"data"}],"rev_branch_frac":[{"order":2,"T":[300.0,400.0,500.0,600.0,700.0,725.0,750.0,775.0,800.0,825.0,850.0,875.0,900.0,1000.0,1100.0,1200.0],"P":[0.1,0.32,1.0,3.2,10.0,32.0,100.0],"k_data":[[1.0,1.0,1.0,1.0,1.0,1.0,1.0],[1.0,1.0,1.0,1.0,1.0,1.0,1.0],[1.0,1.0,1.0,1.0,1.0,1.0,1.0],[1.0,1.0,1.0,1.0,1.0,1.0,1.0],[1.0,1.0,1.0,1.0,1.0,1.0,1.0],[1.0,1.0,1.0,1.0,1.0,1.0,1.0],[1.0,1.0,1.0,1.0,1.0,1.0,1.0],[1.0,1.0,1.0,1.0,1.0,1.0,1.0],[1.0,1.0,1.0,1.0,1.0,1.0,1.0],[1.0,1.0,1.0,1.0,1.0,1.0,1.0],[1.0,1.0,1.0,1.0,1.0,1.0,1.0],[1.0,1.0,1.0,1.0,1.0,1.0,1.0],[1.0,1.0,1.0,1.0,1.0,1.0,1.0],[1.0,1.0,1.0,1.0,1.0,1.0,1.0],[1.0,1.0,1.0,1.0,1.0,1.0,1.0],[1.0,1.0,1.0,1.0,1.0,1.0,1.0]],"k_high":null,"type":"data"}],"well_skipping":[false],"cleared":[false],"partially_cleared":[false]},"species":{"name":["HO2(8)","H2O2(10)","C5H9(553)","CPT(563)"],"smiles":["[O]O","OO","[CH]1CCCC1","C1CCCC1"],"amchi":["AMChI=1/HO2/c1-2/h2H","AMChI=1/H2O2/c1-2/h1-2H","AMChI=1/C5H9/c1-2-4-5-3-1/h1H,2-5H2","AMChI=1/C5H10/c1-2-4-5-3-1/h1-5H2"],"spin":[1,0,1,0],"charge":[0,0,0,0],"formula":[{"H":1,"He":null,"Li":null,"Be":null,"B":null,"C":null,"N":null,"O":2,"F":null,"Ne":null,"Na":null,"Mg":null,"Al":null,"Si":null,"P":null,"S":null,"Cl":null,"Ar":null},{"H":2,"He":null,"Li":null,"Be":null,"B":null,"C":null,"N":null,"O":2,"F":null,"Ne":null,"Na":null,"Mg":null,"Al":null,"Si":null,"P":null,"S":null,"Cl":null,"Ar":null},{"H":9,"He":null,"Li":null,"Be":null,"B":null,"C":5,"N":null,"O":null,"F":null,"Ne":null,"Na":null,"Mg":null,"Al":null,"Si":null,"P":null,"S":null,"Cl":null,"Ar":null},{"H":10,"He":null,"Li":null,"Be":null,"B":null,"C":5,"N":null,"O":null,"F":null,"Ne":null,"Na":null,"Mg":null,"Al":null,"Si":null,"P":null,"S":null,"Cl":null,"Ar":null}],"canon":[true,true,true,true],"orig_name":["HO2(8)","H2O2(10)","C5H9(553)","CPT(563)"],"orig_smiles":["O[O]","OO","C1CC[CH]C1","C1CCCC1"],"orig_amchi":["AMChI=1/HO2/c1-2/h2H","AMChI=1/H2O2/c1-2/h1-2H","AMChI=1/C5H9/c1-2-4-5-3-1/h1H,2-5H2","AMChI=1/C5H10/c1-2-4-5-3-1/h1-5H2"],"therm":[{"T_min":200.0,"T_max":3000.0,"formula":{"N":null,"Ne":null,"H":1,"O":2,"He":null,"Ar":null,"C":null},"charge":0,"T_mid":1000.0,"coeffs_low":[4.41935273,-0.00556271829,0.0000221098264,-2.44683227e-8,9.14011301e-12,-789.909386,3.20650008],"coeffs_high":[3.4325706,0.0033676567,-1.44198338e-6,3.06074778e-10,-2.6067552e-14,-778.074746,6.90189209],"type":"nasa7"},{"T_min":200.0,"T_max":3000.0,"formula":{"N":null,"Ne":null,"H":2,"O":2,"He":null,"Ar":null,